category,helpful votes
field research,37
research repository,38
usability testing,34
collaborative whiteboard,45
collaborative whiteboard,34
collaborative whiteboard,46
usability testing,40
user research,33
user research,42
collaborative whiteboard,37
field research,34
collaborative whiteboard,43
user research,47
user research,39
research repository,33
field research,43
research repository,45
field research,43
field research,43
usability testing,32
field research,44
research repository,43
collaborative whiteboard,43
collaborative whiteboard,32
user research,31
user research,40
usability testing,44
user research,47
collaborative whiteboard,34
field research,37
user research,46
field research,35
user research,47
